﻿<?xml version="1.0" encoding="UTF-8" standalone="yes"?>
<addon id="repository.kodi.chinese.mirrors"
		name="Kodi Add-on Repository Chinese USTC Mirrors"
		version="0.0.1"
		provider-name="evinedeng">
	<extension point="xbmc.addon.repository" name="Kodi Add-on Repository Chinese USTC Mirrors">
		<!-- Do not forget to bump add-on version when changing paths to force a repo refresh -->
		<info>http://mirrors.ustc.edu.cn/xbmc/addons/krypton/addons.xml.gz</info>
		<checksum>http://mirrors.ustc.edu.cn/xbmc/addons/krypton/addons.xml.gz</checksum>
		<datadir>http://mirrors.ustc.edu.cn/xbmc/addons/krypton</datadir>
	</extension>
	<extension point="xbmc.addon.metadata">
        <summary>Kodi Add-on Repository Chinese USTC Mirrors</summary>
        <summary lang="zh">官方插件在中国科技大学的镜像库</summary>
        <description>Kodi Add-on Repository Chinese USTC Mirrors</description>
        <description lang="zh">官方插件在中国科技大学的镜像库</description>
        <disclaimer>evinedeng is not responsible for any content in this library, which comes from China University of Science and Technology Synchronized Official Plug-in Library.</disclaimer>
        <disclaimer lang="zh">本库中由中国科技大学镜像站同步官方插件库而来，evinedeng对任何内容不承担责任。</disclaimer>
		<platform>all</platform>
	</extension>
</addon>
