﻿<?xml version="1.0" encoding="UTF-8" standalone="yes"?>
<addon id="repository.kodi.chinese.mirrors"
		name="Kodi Add-on Repository Chinese USTC Mirrors"
		version="0.0.2"
		provider-name="evinedeng">
	<extension point="xbmc.addon.repository" name="Kodi Add-on Repository Chinese USTC Mirrors">
		<info>https://mirrors.ustc.edu.cn/xbmc/addons/krypton/addons.xml.gz</info>
		<checksum>https://mirrors.ustc.edu.cn/xbmc/addons/krypton/addons.xml.gz</checksum>
		<datadir>https://mirrors.ustc.edu.cn/xbmc/addons/krypton</datadir>
	</extension>
	<extension point="xbmc.addon.metadata">
        <summary>Kodi Add-on Repository Chinese USTC Mirrors</summary>
        <summary lang="zh">官方插件库在中国科学技术大学开源站的镜像库</summary>
        <description>Kodi Add-on Repository Chinese USTC Mirrors</description>
        <description lang="zh">本插件是一个库，提供官方插件库在中国科学技术大学开源站的镜像下载，该镜像站点每日同步官方库中全部插件内容。[CR][CR]通过本插件库，在中国无法连接官方插件库时，可以实现官方库中所有插件的安装及更新，可以完整取代官方插件库（即Kodi Add-on Repository）。</description>
        <disclaimer>evinedeng is not responsible for any content in this library, which comes from China University of Science and Technology Synchronized Official Plug-in Library.</disclaimer>
        <disclaimer lang="zh">本库中由中国科学技术大学镜像站同步官方插件库而来，evinedeng对任何内容不承担责任。</disclaimer>
		<platform>all</platform>
	</extension>
</addon>
